"DateTime","CalibValid","Observed","local","local_bfs","all_ws","all_ws_attr","all_ws_bfs","all_ws_bfs_attr"
"2019-04-12","Valid",2.4,3.2248564,9.212443,5.3935924,1.5856214,1.0769253,2.169345
"2019-04-13","Valid",2.5000005,2.8159099,9.404282,5.3460674,0.6295829,1.6869154,2.156159
"2019-04-14","Valid",2.7000003,2.6068053,9.454565,5.425272,1.3041048,1.910666,2.3001804
"2019-04-15","Valid",2.8000002,2.6019688,9.559815,5.4024615,1.2324233,2.0654755,2.467226
"2019-04-16","Valid",3.0000002,3.0779347,9.619405,5.447721,2.142786,1.7567773,2.595716
"2019-04-17","Valid",3.6000004,3.4457371,9.724816,5.446927,2.5231519,1.6661663,2.6882715
"2019-04-18","Valid",3.3000002,3.6537406,9.754285,5.507428,3.0645454,1.7204251,2.7349772
"2019-04-19","Valid",3.5000002,3.3135736,9.919159,5.1890297,3.5570166,1.8013453,2.6720414
"2019-04-20","Valid",4,3.3581657,9.847142,5.352671,3.7677104,2.124343,2.649715
"2019-04-21","Valid",4.5,3.6077526,9.800123,5.451989,4.0103297,2.181806,2.6503081
"2019-04-22","Valid",4.6000004,4.172818,9.848005,5.5031133,4.3415995,2.126346,2.882213
"2019-04-23","Valid",4.2000003,4.049693,9.832379,5.538522,4.6668572,5.488796,2.8232317
"2019-04-24","Valid",4.4000006,4.040525,9.850267,5.464974,4.713253,3.0832129,2.7810407
"2019-04-25","Valid",4.4000006,4.117937,9.799209,5.4688606,4.8276434,3.4600196,2.801115
"2019-04-26","Valid",4.2000003,4.077645,9.7316475,5.4121013,4.8559895,3.767253,2.694666
"2019-04-27","Valid",4.1000004,3.9336908,9.597198,5.371097,4.896165,4.0195956,2.74824
"2019-04-28","Valid",4.1000004,3.5770185,9.585136,5.0436697,4.2379923,3.5961816,2.7924094
"2019-04-29","Valid",4.1000004,3.4146771,9.309139,5.2343793,4.7019424,4.680117,2.5282464
"2019-04-30","Valid",3.9000003,4.0834656,9.467384,5.0071287,3.4225745,3.460157,3.0554066
"2019-05-01","Valid",3.9000003,3.9848619,8.95948,5.3079786,5.0218987,4.547327,3.0521843
"2019-05-02","Valid",3.5000002,4.133599,8.66557,5.138878,4.294841,4.332447,3.1331084
"2019-05-03","Valid",3.6000004,4.425234,8.296513,5.483403,5.123593,5.2707853,3.2791958
"2019-05-04","Valid",3.6000004,4.5932684,8.02818,5.596832,5.1999393,5.9475446,3.40915
"2019-05-05","Valid",4.1000004,4.8374877,7.867144,5.653005,5.310218,6.455444,3.3908885
"2019-05-06","Valid",3.8000002,5.317713,7.823428,5.6262517,5.3899417,6.700799,3.6945004
"2019-05-07","Valid",3.9000003,5.5616055,7.825457,5.5902042,5.3643465,6.721655,3.351627
"2019-05-08","Valid",4,5.673353,7.7868114,5.5956106,5.361026,6.8176684,3.3090632
"2019-05-09","Valid",4.1000004,5.786048,7.747602,5.585657,5.2810116,6.8220124,3.1494715
"2019-05-10","Valid",4.3,5.458625,7.94258,5.1347938,4.4583387,6.22564,3.0684247
"2019-05-11","Valid",4.4000006,5.769684,7.7571588,5.4881706,5.23606,6.343591,3.2585378
"2019-05-12","Valid",4.5,5.9105563,7.7177267,5.5150685,5.3710475,6.636348,3.3011014
"2019-05-13","Valid",4.8,5.958707,7.677416,5.534405,5.4373784,6.7128253,3.5063794
"2019-05-14","Valid",5.7000003,6.151458,7.6242504,5.5404024,5.583504,6.751376,3.3822649
"2019-05-15","Valid",5.5,6.6016192,7.657087,5.4913135,5.739615,6.977726,3.4753332
"2019-05-16","Valid",5.8,6.858675,7.7268767,5.4269385,5.530182,6.840688,3.2144394
"2019-05-17","Valid",5.5,7.680533,7.6427126,5.6808143,5.816865,7.2799025,3.0682247
"2019-05-18","Valid",5.6000004,8.139696,8.37558,5.90708,4.62879,7.8591743,2.5762672
"2019-05-19","Valid",5.6000004,8.342398,8.156147,5.696539,5.5003557,6.632134,2.976367
"2019-05-20","Valid",5.7000003,8.050032,8.181842,5.2365313,5.170373,6.59523,3.2970498
"2019-05-21","Valid",5.4,8.125395,7.868228,6.049837,5.8310475,7.0301857,3.7516518
"2019-05-22","Valid",5.2000003,8.143325,7.7343564,6.252931,5.75914,7.8403034,3.9208012
"2019-05-23","Valid",5.8,8.114544,8.095082,5.562744,5.0615163,7.4424033,3.6734982
"2019-05-24","Valid",4.4000006,8.289814,7.844682,6.1854095,6.075711,7.7409296,4.13792
"2019-05-25","Valid",5.3,8.396463,8.406651,5.661516,5.8495836,7.933451,3.0326395
"2019-05-26","Valid",6.1000004,8.797954,8.117132,6.365231,7.2462983,7.7757244,4.1611586
"2019-05-27","Valid",6.5,8.704229,7.930944,6.315958,7.0822983,7.144959,4.3248396
"2019-05-28","Valid",6.5,8.57225,7.806871,6.3063607,6.8351436,7.0945816,4.5257816
"2019-05-29","Valid",6.1000004,8.201873,7.7532024,6.0973873,6.556188,5.7516093,4.592695
"2019-05-30","Valid",6.7000003,8.164247,8.076555,5.6583796,5.9717965,4.3784842,4.290563
"2019-05-31","Valid",7.2000003,8.591494,7.9699636,6.150496,6.9409413,5.6393685,4.3505106
"2019-06-01","Valid",7.3,8.700851,7.715178,6.370368,6.584212,6.2307363,4.4275284
"2019-06-02","Valid",7.5,8.807993,7.686242,6.4255433,6.563865,5.743315,4.4635057
"2019-06-03","Valid",7.8,8.63299,7.627157,6.455227,6.509464,6.1597533,4.409538
"2019-06-04","Valid",8,8.485334,7.6457253,6.3691177,6.347579,5.924036,4.38085
"2019-06-05","Valid",7.9,8.60387,7.668742,6.4404216,6.1835246,6.381634,4.3260784
"2019-06-06","Valid",8,8.88311,7.648673,6.716931,6.3219566,6.1062827,4.374666
"2019-06-07","Valid",8.1,8.92387,7.634392,6.8719134,6.3520756,6.5106144,4.403105
"2019-06-08","Valid",8,8.958962,7.6008034,6.9955177,6.34023,6.170255,4.3484483
"2019-06-09","Valid",7.8,8.83785,7.571607,7.0384316,6.3518314,6.117917,4.350271
"2019-06-10","Valid",7.6000004,8.555217,7.541765,7.0060887,6.332344,6.22155,4.323509
"2019-06-11","Valid",7.6000004,8.210597,7.492121,6.9788136,6.272334,6.0489645,4.226313
"2019-06-12","Valid",7.5,7.9795723,7.4645915,6.9700847,6.1767993,5.88671,4.222894
"2019-06-13","Valid",7.2000003,7.6589813,7.498477,6.8435106,5.94733,5.810727,4.1964483
"2019-06-14","Valid",6.9,7.3851256,7.4060884,6.8979864,6.1204915,5.7848754,4.135341
"2019-06-15","Valid",6.5,7.580182,7.388693,6.9166923,6.134588,6.123267,4.0336943
"2019-06-16","Valid",6.6000004,8.058723,7.1865115,7.005829,6.263763,6.7772264,3.8529415
"2019-06-17","Valid",6.4,8.05448,7.2168164,6.6483235,5.7233214,6.2167735,3.6016445
"2019-06-18","Valid",6.6000004,8.283001,6.8161173,6.73222,6.119917,6.6818166,3.762517
"2019-06-19","Valid",6.7000003,8.350872,6.338409,6.6121874,6.003886,7.0999866,3.7911503
"2019-06-20","Valid",6.4,8.082897,5.8667583,6.355909,5.738925,7.282385,3.9334514
"2019-06-21","Valid",6.2000003,7.790828,5.5779305,5.9332294,5.415408,6.5532327,4.142358
"2019-06-22","Valid",6.6000004,7.7187696,5.446722,5.6650844,5.3949914,5.772328,4.301178
"2019-06-23","Valid",6.6000004,7.6488385,5.493104,5.098857,4.8946695,4.0267563,4.258305
"2019-06-24","Valid",7.4,8.615772,6.526787,5.253537,6.093129,6.347541,3.0414596
"2019-06-25","Valid",7.4,8.825577,5.6423945,6.0876412,7.3724136,5.748653,4.086838
"2019-06-26","Valid",7.9,8.769224,5.2843165,5.810754,7.8410625,4.41777,4.34801
"2019-06-27","Valid",8.3,8.886549,5.1971893,5.594133,8.153915,3.6911159,4.38838
"2019-06-28","Valid",8.2,9.298597,5.176363,5.492215,8.277618,3.3817673,4.2227654
"2019-06-29","Valid",8,9.572199,5.138341,5.418397,8.201973,3.7336285,4.0764437
"2019-06-30","Valid",8.2,9.84086,5.07775,5.3563766,7.8103557,3.7824202,3.88857
"2019-07-01","Valid",8.2,10.04916,5.0155315,5.365294,7.114192,3.7126427,3.886083
"2019-07-02","Valid",8.2,10.063133,4.9701233,5.3090773,6.6163406,4.058616,3.620255
"2019-07-03","Valid",8,10.028308,4.9224844,5.2507334,6.2966914,4.033824,3.536348
"2019-07-04","Valid",8.1,9.841096,5.1500373,4.7042656,5.5621734,3.998003,3.4663312
"2019-07-05","Valid",7.3,9.701899,5.2504835,4.5346193,5.3549147,3.799747,3.5776129
"2019-07-06","Valid",7,9.6908865,5.0315914,4.947501,5.3398333,3.9919333,4.0375624
"2019-07-07","Valid",6.9,9.467715,4.792287,5.055185,4.8578963,3.7977712,4.206173
"2019-07-08","Valid",6.7000003,9.138234,4.5840707,5.037112,4.542803,3.6939893,4.337491
"2019-07-09","Valid",7.3,9.022241,4.575263,5.039222,4.6614485,3.8852754,4.469714
"2019-07-10","Valid",7.5,9.100591,4.6465397,5.021017,4.812516,4.162944,4.407158
"2019-07-11","Valid",7.7000003,9.148658,4.698394,4.9634476,4.891962,4.4690666,4.2920237
"2019-07-12","Valid",7.9,9.047909,4.659951,4.938156,4.8846774,4.5751667,4.2535334
"2019-07-13","Valid",7.8,9.014988,4.6233525,4.8383837,4.976224,4.605219,4.0115366
"2019-07-14","Valid",7.5,8.918153,4.543444,4.7855806,4.810195,4.62957,3.8044024
"2019-07-15","Valid",7.1000004,8.773084,4.3937206,4.726652,4.640509,4.595516,3.5883296
"2019-07-16","Valid",6.8,8.429468,4.2896714,4.618805,4.619414,4.6243954,3.602473
"2019-07-17","Valid",6.5,7.9563365,4.205839,4.5163593,4.6955376,4.5916414,3.4518125
"2019-07-18","Valid",6.1000004,7.411279,4.116276,4.6028023,4.7404585,4.553192,3.3741877
"2019-07-19","Valid",6.1000004,7.050828,3.9750495,4.4867525,3.9157727,4.7443457,3.1431916
"2019-07-20","Valid",5.9,6.687189,3.767677,4.7101674,4.226658,4.768281,3.036533
"2019-07-21","Valid",5.7000003,6.1576824,3.7543097,4.9115496,4.3314013,4.814619,3.402482
"2019-07-22","Valid",5.4,5.589951,4.284995,4.679631,3.3012834,4.7133083,3.7841823
"2019-07-23","Valid",5.9,5.5744715,4.197027,4.893405,4.561749,5.075762,3.7086127
"2019-07-24","Valid",6.1000004,5.527027,4.184946,4.802138,4.8674407,5.247576,3.5817232
"2019-07-25","Valid",6.4,5.4879494,4.114387,4.898733,4.8828955,5.2583265,3.5472748
"2019-07-26","Valid",6.3,5.440147,4.0521765,5.0106115,4.7877855,5.2436604,3.9717937
"2019-07-27","Valid",6.2000003,5.539891,3.950108,5.0076303,4.4421167,5.1529183,3.6661177
"2019-07-28","Valid",6.2000003,5.559543,3.8862216,5.0354176,4.1184855,5.0691905,3.5537567
"2019-07-29","Valid",6,5.47027,3.8969193,5.0857043,3.825903,4.9615555,3.7214077
"2019-07-30","Valid",6,5.096953,4.0844717,4.9846787,3.8177345,5.1390715,3.8960989
"2019-07-31","Valid",5.9,5.0420737,4.0230083,5.122205,4.0368557,5.1777325,3.6020017
"2019-08-01","Valid",5.6000004,4.9845405,4.1209354,5.3737173,3.8423493,5.3091826,4.024017
"2019-08-02","Valid",5.1000004,4.819703,4.1846685,5.1306014,3.6655874,5.1281505,4.700185
"2019-08-03","Valid",4.9,4.8804455,4.1811137,5.169469,10.914946,4.9246964,4.429288
"2019-08-04","Valid",4.7000003,4.9722958,4.2113857,5.189069,6.8969545,4.715625,5.1857066
"2019-08-05","Valid",4.4000006,4.939126,4.2383595,5.218522,3.803266,4.4513392,4.5046597
"2019-08-07","Valid",3.8000002,4.801774,4.0929155,5.0576534,7.8761983,4.22622,4.866041
"2019-08-08","Valid",3.8000002,4.665061,4.0939856,5.3520994,6.7280493,4.1607,4.9017296
"2019-08-09","Valid",3.4000003,4.523756,4.1161385,5.680421,6.771645,4.0688915,5.6926765
"2019-08-10","Valid",3.3000002,4.112244,4.0269756,5.7443466,6.435449,4.0112596,3.6718733
"2019-08-11","Valid",3.0000002,4.121769,4.007349,5.7119,3.9035196,3.9319263,3.8219264
"2019-08-12","Valid",2.6000004,4.096986,4.0924435,5.8927,6.23811,4.113963,3.8231297
"2019-08-13","Valid",2.5000005,3.8749726,4.0409737,5.9189816,5.598171,4.298175,4.359254
"2019-08-14","Valid",2.3000002,3.7240763,3.900035,5.676338,4.857751,4.257114,2.8999577
"2019-08-15","Valid",2.4,3.568288,3.939685,5.5402617,6.3555355,4.2853727,3.359998
"2019-08-16","Valid",2.3000002,3.4736407,4.0418334,5.316369,5.4930115,4.4480805,4.2169604
"2019-08-17","Valid",2.2000003,3.4587796,4.08868,5.0669646,5.210072,4.621615,4.6946316
"2019-08-18","Valid",1.7000003,3.4734972,4.074029,4.808105,5.6705356,4.87462,4.407239
"2019-08-19","Valid",1.7000003,3.3414161,3.8938973,5.429004,1.7381454,5.2004232,4.9492645
"2019-08-20","Valid",1.4000001,3.3103101,3.4841,4.634659,3.6962388,4.3513756,4.264683
"2019-08-21","Valid",1.4000001,3.4352074,3.5824127,4.699085,3.9260156,4.8590155,5.551764
"2019-08-22","Valid",1.3000002,3.4114103,3.4104717,4.394476,3.6853364,4.413542,4.468684
"2019-08-23","Valid",1.3000002,3.373581,3.8161442,4.444416,3.702488,5.2776694,5.2064314
"2019-08-24","Valid",1.4000001,3.4149635,4.4212685,4.596986,4.6354723,5.3774548,4.546096
"2019-08-25","Valid",1.4000001,3.5050755,5.07883,4.6363525,4.197894,5.332211,4.852396
"2019-08-26","Valid",1.4000001,3.6070988,5.7068787,4.7153406,5.4946356,5.374704,5.3164196
"2019-08-27","Valid",1.3000002,3.7871153,6.101077,4.3467097,4.7058334,5.2811437,5.517566
"2019-08-28","Valid",1.5,3.8547256,6.2931237,4.1163044,5.0406017,5.22367,4.618432
"2019-08-29","Valid",1.7000003,3.8800304,6.399068,3.9976223,4.3178763,5.1386786,5.6286125
"2019-08-30","Valid",1.7000003,4.0882397,6.3534656,3.5094526,4.2767806,5.012376,5.479432
"2019-08-31","Valid",1.7000003,3.9244463,6.0739875,3.638806,3.91541,4.8479056,4.335284
"2019-09-01","Valid",1.9000006,3.9091835,6.006601,3.472223,4.1734824,4.6773057,5.0446444
"2019-09-02","Valid",1.9000006,3.9865084,5.8010154,3.0784495,4.1525307,4.993313,5.1301136
"2019-09-03","Valid",1.9000006,4.0537324,5.58353,2.9201198,3.983638,5.3688364,5.109194
"2019-09-04","Valid",1.8000002,4.074247,5.280966,2.6304789,3.7011898,5.505074,4.8566236
"2019-09-05","Valid",1.6000004,3.9173112,5.0550203,2.7088947,3.8480167,5.6048527,4.9805546
"2019-09-06","Valid",1.7000003,3.934571,4.7927685,2.3173494,3.5878234,6.0344944,4.8738875
"2019-09-07","Valid",1.5,3.9066107,4.569886,2.2831688,3.4362211,6.5769057,2.7275105
"2019-09-08","Valid",1.5,3.847781,4.360699,2.2329268,3.4062753,7.030144,3.185775
"2019-09-09","Valid",1.6000004,3.6730688,4.0902157,2.4742942,3.174285,7.393321,2.1044526
"2019-09-10","Valid",1.6000004,3.7087448,3.7368095,2.0110245,3.0043643,7.6646385,2.599832
"2019-09-11","Valid",1.7000003,3.6623983,3.3442595,2.7727447,2.517611,7.4152827,3.9312317
"2019-09-12","Valid",1.5,3.701485,2.805616,2.9134057,2.7776713,6.1299715,2.1977024
"2019-09-13","Valid",1.4000001,3.5607016,2.574884,2.7899747,2.671924,5.566867,2.1855664
"2019-09-14","Valid",1.5,3.2618215,2.5327187,2.918425,2.8088036,5.351199,2.3840609
"2019-09-15","Valid",1.5,3.1012845,2.5898905,2.5064955,2.959994,5.4162445,2.022767
"2019-09-16","Valid",1.4000001,3.113148,2.7031674,2.4532342,2.747373,5.9546556,3.4750977
"2019-09-17","Valid",1.3000002,3.047927,2.93112,2.6064382,2.866713,6.3393917,3.3804555
"2019-09-18","Valid",1.2000008,3.0458484,3.2360754,2.636118,2.87852,6.485632,3.0425947
"2019-09-19","Valid",1.5,3.0881188,3.6054466,2.7295227,2.862969,6.5993295,3.1812057
"2019-09-20","Valid",1.8000002,3.040272,4.034766,3.0776896,2.9177961,6.7754297,3.091799
"2019-09-21","Valid",1.9000006,3.1731334,4.4590273,2.9499562,2.9364102,6.5159183,3.409495
"2019-09-22","Valid",2.1000004,3.1230993,4.8704615,3.3503892,3.1793566,6.467456,2.9144022
"2019-09-23","Valid",2.2000003,3.432886,5.6976132,4.033745,3.3284078,6.6378,3.959756
"2019-09-24","Valid",2.4,3.785207,6.196275,3.7613556,4.916825,6.538497,4.6541452
"2019-09-25","Valid",2.5000005,4.199258,6.7794485,3.9470336,5.699933,6.4654183,4.8864336
"2019-09-26","Valid",2.5000005,4.4984903,7.4191966,4.522156,6.431135,6.5052943,5.4501705
"2019-09-27","Valid",2.8000002,4.8554435,7.9212995,4.930065,7.506179,6.5195174,5.724536
"2019-09-28","Valid",2.9000003,5.473389,8.324333,5.2659903,8.402349,6.618103,6.6514516
"2019-09-29","Valid",3.0000002,5.985341,8.611636,5.5734086,9.116584,6.6323304,6.418438
"2019-09-30","Valid",3.1000004,6.6116786,8.8692,5.7726765,9.409591,6.6753235,6.5051703
"2019-10-01","Valid",3.1000004,7.5907044,8.946102,5.511466,9.050569,6.747184,6.388068
"2019-10-02","Valid",2.8000002,8.265701,8.894284,5.6695156,9.463622,6.6906176,6.481912
"2019-10-03","Valid",3.2000003,8.36554,9.629129,6.483658,8.869379,7.1550083,6.5021772
"2019-10-04","Valid",3.4000003,9.32526,10.296399,7.1396475,10.982861,8.2978525,9.619079
"2019-10-05","Valid",3.3000002,10.13347,10.877224,8.745035,12.958093,9.098975,8.085182
"2019-10-06","Valid",4.2000003,10.620186,11.458177,9.206234,12.628132,8.589624,8.817438
"2019-10-07","Valid",5.4,10.905283,12.2902355,8.752517,12.467247,8.37963,8.66111
"2019-10-08","Valid",6.3,11.562456,12.840546,9.768311,12.788197,8.05698,11.535108
"2019-10-09","Valid",6.4,11.81629,13.422115,9.721163,12.723013,7.334279,10.002219
"2019-10-10","Valid",6.4,11.995085,14.086111,9.249432,12.680712,6.8071,9.180933
"2019-10-11","Valid",6.5,11.867689,14.410116,8.696322,12.252043,6.328841,8.977158
"2019-10-12","Valid",6.9,11.430016,14.415687,7.648629,11.2096,6.6135144,10.544365
"2019-10-13","Valid",6.8,11.991747,14.780308,9.036802,11.94187,6.8965306,10.952038
"2019-10-14","Valid",6.4,12.100868,14.832319,8.852556,12.178843,6.597496,10.855018
"2019-10-15","Valid",6.5,12.0431595,14.856182,8.701668,12.380632,6.331094,11.542561
"2019-10-16","Valid",6.6000004,12.158337,15.180323,8.390613,12.67634,6.281767,11.932551
"2019-10-17","Valid",6.6000004,12.29204,15.172653,8.387128,12.767538,6.5587206,11.977299
"2019-10-18","Valid",6.6000004,12.315058,15.032553,8.625643,13.022322,6.417388,12.066574
"2019-10-19","Valid",6.5,12.458681,15.067532,8.696059,13.75524,6.876082,12.413746
"2019-10-20","Valid",6.5,12.587927,14.944632,8.643576,13.5633955,6.691213,12.260919
"2019-10-21","Valid",5.9,12.676483,14.809748,8.983027,13.716385,6.6668043,12.676348
"2019-10-22","Valid",6,11.926168,14.437992,8.96837,12.829229,7.052203,12.317556
"2019-10-23","Valid",6.2000003,12.619247,14.820381,10.597808,13.50003,8.636442,12.91766
"2019-10-24","Valid",6.3,12.95533,14.638395,11.380603,14.12728,9.452333,13.452075
"2019-10-25","Valid",6.2000003,13.087494,14.552732,11.512768,13.746773,10.079158,13.526038
"2019-10-26","Valid",6.2000003,13.144113,14.325401,12.016083,13.586605,10.656926,13.653763
"2019-10-27","Valid",6.5,13.230418,14.195355,11.950164,13.719579,10.940849,13.626398
"2019-10-28","Valid",6.4,13.376091,14.119434,11.764198,13.8181925,11.025965,13.634404
"2019-10-29","Valid",6.5,13.474389,13.917463,11.601133,13.724179,11.081457,13.825674
"2019-10-30","Valid",6.8,13.492881,13.672985,11.4420395,13.516691,11.032248,13.475597
"2019-10-31","Valid",6.9,13.665077,13.577334,11.202391,13.351896,10.966746,12.789278
"2019-11-01","Valid",6.7000003,13.597155,13.282658,11.0453205,13.422495,10.917917,13.182045
"2019-11-02","Valid",6.9,13.577845,13.136681,10.908432,13.428957,10.773886,12.824051
"2019-11-03","Valid",6.9,13.405523,12.953594,10.626823,13.452922,10.486702,12.457266
"2019-11-04","Valid",7,13.294624,12.85254,10.468144,13.745125,10.374177,12.301492
"2019-11-05","Valid",6.9,13.207617,12.731192,10.204527,13.613543,10.197409,12.6093
"2019-11-07","Valid",6.6000004,12.889421,11.995197,9.10449,10.840439,7.1331224,12.766678
"2019-11-08","Valid",6.5,12.81088,11.800762,9.909779,12.306042,10.43395,12.034434
"2019-11-09","Valid",6.3,12.62424,11.542634,10.128656,11.561051,10.772191,12.110874
"2019-11-10","Valid",6.3,12.160121,11.327911,9.885729,11.712047,9.961032,12.217147
"2019-11-11","Valid",6.2000003,12.048398,11.257766,9.601927,11.769405,9.316435,12.103689
"2019-11-12","Valid",6.3,11.904396,10.801314,9.619251,11.039146,8.940391,11.995543
"2019-11-13","Valid",6.1000004,12.078339,10.497789,9.876844,11.44408,9.303527,11.758163
"2019-11-14","Valid",6,11.785249,10.022633,9.817648,11.43837,8.682321,12.077278
"2019-11-15","Valid",6.1000004,11.578684,9.630694,9.884176,11.609335,7.9901524,12.123373
"2019-11-16","Valid",6,10.87925,9.013443,9.683611,11.940147,7.5284004,12.291526
"2019-11-17","Valid",5.9,10.529269,8.769261,9.764756,12.2024975,8.667685,12.009554
"2019-11-18","Valid",5.9,10.396451,8.745337,9.704775,12.167991,9.740627,11.748604
"2019-11-19","Valid",5.9,10.165839,8.559385,9.632637,12.016336,9.013407,11.528893
"2019-11-20","Valid",5.8,9.729889,8.346649,9.366385,12.117353,7.6759152,11.458472
"2019-11-21","Valid",5.7000003,9.270638,8.154451,9.056145,12.50136,7.433507,11.342192
"2019-11-22","Valid",5.7000003,8.687376,7.988177,9.222448,11.95736,7.589928,10.471615
"2019-11-23","Valid",5.8,9.470478,8.184012,9.48451,12.063219,8.849066,10.062992
"2019-11-24","Valid",5.8,9.491628,8.175184,9.576637,11.954096,9.477593,10.015178
"2019-11-25","Valid",5.8,9.251605,8.123877,9.584858,12.086855,9.681628,9.94204
"2019-11-26","Valid",5.2000003,9.148758,8.206205,9.512564,12.146034,9.64234,9.719467
"2019-11-27","Valid",4.4000006,9.533558,8.444792,9.316537,11.882423,9.788858,9.6311455
"2019-11-28","Valid",5.3,9.414913,8.477742,9.536434,10.968313,9.650211,9.084834
"2019-11-29","Valid",5.7000003,9.983282,8.638585,9.679767,11.251114,9.6349125,8.738423
"2019-11-30","Valid",5.7000003,10.202658,8.718003,9.533333,11.320471,9.406285,8.971342
"2019-12-01","Valid",5.7000003,9.932474,8.647693,9.43145,11.343617,9.149259,8.862752
"2019-12-02","Valid",6.2000003,10.061094,8.680918,9.472351,11.142686,8.754129,8.748007
"2019-12-03","Valid",6.3,10.515437,8.748954,9.588549,11.313019,9.533107,8.634101
"2019-12-04","Valid",5.9,10.147152,8.639284,9.720114,11.271103,11.081829,8.624054
"2019-12-05","Valid",6.4,9.97186,8.631006,9.842543,11.114951,10.923948,8.92542
"2019-12-06","Valid",6.5,9.766918,8.689085,9.834631,11.215665,8.913949,8.716314
"2019-12-07","Valid",6.8,10.38752,9.034741,9.453253,11.024218,8.319864,8.706824
"2019-12-08","Valid",7.5,10.367901,9.031794,9.5285225,10.969218,8.227297,8.729362
"2019-12-09","Valid",7.3,10.243888,9.081489,9.422764,11.054022,7.8548594,8.532724
"2019-12-10","Valid",6.6000004,10.547458,9.110867,9.359034,11.152222,8.309589,8.638997
"2019-12-11","Valid",7,11.175835,9.246741,9.313364,10.685804,8.254232,8.407552
"2019-12-12","Valid",7.2000003,11.371484,9.174831,9.442974,10.592307,10.722294,8.2791605
"2019-12-13","Valid",7.2000003,10.949856,8.887798,9.529332,10.73139,8.4037075,8.159002
"2019-12-14","Valid",7.2000003,11.227043,8.905013,9.378101,10.746868,8.1632,8.144252
"2019-12-15","Valid",7.1000004,11.4023,8.864637,9.368482,10.725939,8.075199,7.9746866
"2019-12-16","Valid",7.1000004,11.675953,8.85529,9.452672,10.83521,7.974338,8.020667
"2019-12-17","Valid",7.1000004,11.55639,8.691381,9.487883,10.783204,8.187557,7.7708826
"2019-12-18","Valid",7.1000004,11.310986,8.500603,9.442921,10.980902,7.859703,7.6462855
"2019-12-19","Valid",7.3,11.415918,8.462125,9.467483,11.243324,7.4710655,7.7158904
"2019-12-20","Valid",7.3,10.928543,8.201423,9.215992,11.070753,7.4597993,7.636421
"2019-12-21","Valid",7.3,10.727638,8.105953,9.188307,11.048565,7.724866,7.9048905
"2019-12-22","Valid",7.4,10.503542,8.018026,9.063169,11.025504,7.7923274,7.5923123
"2019-12-23","Valid",7.4,10.163515,7.9088573,8.770414,10.961382,7.932411,7.406987
"2019-12-24","Valid",7.4,9.985203,7.9070654,8.347639,11.041649,8.598407,7.7121544
"2019-12-25","Valid",7.4,9.733404,7.9334316,8.6250105,10.563877,9.107486,7.484254
"2019-12-26","Valid",7.3,9.372028,7.9154105,8.391353,10.936039,8.689039,7.3413444
"2019-12-27","Valid",7.2000003,9.823181,8.192747,7.981541,10.441252,8.542947,7.369775
"2019-12-28","Valid",7,9.985174,8.264236,7.7218313,10.093327,8.32865,7.514172
"2019-12-29","Valid",6.7000003,9.717837,8.204456,7.794984,6.7579207,7.750824,7.563096
"2019-12-30","Valid",6.7000003,8.396588,7.986205,7.665592,9.459804,7.322026,6.9630265
"2019-12-31","Valid",6.5,9.28367,8.16889,8.349442,9.985857,7.917384,6.6285257
"2020-01-01","Valid",6.3,9.642734,8.291656,8.304258,9.895489,8.939795,6.9766235
"2020-01-02","Valid",6,9.637592,8.242238,8.177528,9.839582,9.146238,7.3338327
"2020-01-03","Valid",5.9,9.597992,8.281139,8.259061,9.763792,9.18153,7.2613487
"2020-01-04","Valid",6.6000004,9.918304,8.474945,8.300074,9.592953,9.317215,7.497281
"2020-01-05","Valid",7,10.356148,8.623014,8.090955,9.766178,8.744153,7.085477
"2020-01-06","Valid",7,10.295639,8.5640955,7.8893833,9.704443,8.808565,7.1009374
"2020-01-07","Valid",7.4,10.430084,8.547358,7.776079,9.769802,9.10372,7.0019464
"2020-01-08","Valid",7.5,10.49282,8.5216875,7.477547,9.655921,8.555408,6.8769264
"2020-01-09","Valid",7.4,10.990606,8.573927,7.3999376,9.320486,8.224623,6.8474793
"2020-01-10","Valid",7.5,10.279496,8.190971,7.1432886,9.429241,7.7411323,6.772072
"2020-01-11","Valid",7.4,10.87171,8.281472,7.2901626,8.894569,7.58126,6.5659256
"2020-01-12","Valid",7.2000003,10.961289,8.1609745,7.410233,8.105083,7.8483734,6.2872324
"2020-01-13","Valid",7.1000004,11.178919,8.050593,7.3019223,8.856346,7.308664,6.3290143
"2020-01-14","Valid",7.2000003,10.937613,7.82308,7.00728,9.058112,7.1722913,6.385897
"2020-01-15","Valid",7.1000004,10.959843,7.711947,7.2282667,9.483893,7.324221,6.5622096
"2020-01-16","Valid",7.2000003,11.296264,7.788327,7.5803905,9.7007885,8.006004,6.42337
"2020-01-17","Valid",7.1000004,11.769315,8.005293,8.11668,10.386117,8.886513,6.870681
"2020-01-18","Valid",7.2000003,11.5069065,7.843129,7.856484,10.260223,8.583102,6.646593
"2020-01-22","Valid",7.3,11.74749,7.778253,8.351516,8.8715105,7.117852,6.711687
"2020-01-23","Valid",7.3,11.399064,7.580365,8.130856,9.751345,11.07221,6.5581245
"2020-01-24","Valid",7.2000003,10.95314,7.351318,7.878573,7.747719,11.810122,6.4613595
"2020-01-25","Valid",7.4,11.0371475,7.3414836,7.6124973,11.141743,12.225547,6.266226
"2020-01-26","Valid",7.3,11.0877,7.354421,7.7558675,10.104684,11.457113,6.30108
"2020-01-27","Valid",7.4,11.137587,7.4103317,7.478291,10.375345,12.747408,6.3833547
"2020-01-28","Valid",7.6000004,11.135828,7.4577436,7.4749537,7.884201,12.7418,6.527317
"2020-01-29","Valid",7.5,11.307832,7.5707192,7.3249454,11.412355,11.493509,6.5579476
"2020-01-30","Valid",7.4,11.332556,7.6021113,7.4979277,9.704789,10.504342,6.625418
"2020-01-31","Valid",7.3,11.264202,7.590655,7.345696,10.067693,12.36899,6.447662
"2020-02-01","Valid",7.1000004,11.068495,7.5257473,7.368463,8.933735,12.540415,7.069148
"2020-02-02","Valid",7,10.776836,7.4000225,7.0853662,10.704717,9.972492,6.583705
"2020-02-03","Valid",6.8,10.278997,7.160757,6.796566,8.757377,11.9320965,6.576105
"2020-02-04","Valid",6.7000003,10.612545,7.298126,6.838936,7.701145,9.6563835,6.829237
"2020-02-05","Valid",6.6000004,10.94301,7.477749,6.9002533,9.512616,11.701809,6.5429916
"2020-02-06","Valid",6.4,11.120556,7.5840735,6.9328732,9.99879,10.414091,6.6348395
"2020-02-07","Valid",6.4,11.16098,7.5917277,6.870126,10.362598,12.640095,6.7973285
"2020-02-08","Valid",6.3,11.286104,7.643079,6.993442,8.723786,12.037371,6.664831
"2020-02-09","Valid",6.3,11.30176,7.627121,7.0661607,9.271527,12.85734,6.5212965
"2020-02-10","Valid",6.1000004,11.00696,7.459557,6.8647137,10.441413,12.657879,7.107112
"2020-02-11","Valid",5.9,11.101044,7.461982,6.9703217,10.246237,11.232872,6.6035843
"2020-02-12","Valid",5.8,11.075385,7.447707,6.966157,8.884009,12.29759,6.940298
"2020-02-13","Valid",5.9,11.2165365,7.4786525,7.062742,11.50671,12.609556,6.560998
"2020-02-15","Valid",5.8,11.777514,7.8034577,7.656587,9.9700775,12.016607,6.8554335
"2020-02-16","Valid",5.8,11.238789,7.487176,7.3558493,11.769266,11.251282,6.8482623
"2020-02-17","Valid",5.8,10.944175,7.279655,7.5984564,10.50294,11.70887,6.7939467
"2020-02-18","Valid",5.7000003,10.762158,7.132386,6.8420305,11.564018,11.359991,6.6140633
"2020-02-19","Valid",5.7000003,10.930749,7.1942244,10.349386,9.627302,11.389591,6.5476995
"2020-02-20","Valid",5.6000004,11.3739195,7.465565,7.1228843,10.018511,11.507271,6.593107
"2020-02-21","Valid",5.7000003,11.525938,7.6111827,7.294786,10.0056095,12.891844,6.685492
"2020-02-22","Valid",5.7000003,11.08077,7.3905067,7.0991883,6.389163,12.518598,6.7686267
"2020-02-23","Valid",5.6000004,10.612772,7.130808,6.7283435,11.159548,11.13657,6.8857083
"2020-02-24","Valid",5.4,10.039359,6.795935,6.2140236,10.306441,10.911346,6.703717
"2020-02-25","Valid",5.3,10.180208,6.844668,6.2717485,8.539415,10.697956,6.6235933
"2020-02-26","Valid",5.3,10.288834,6.9808173,6.3569713,5.803792,10.649179,6.8366075
"2020-02-27","Valid",5,10.53298,7.1412754,6.6141725,7.956134,10.028607,6.624732
"2020-02-28","Valid",4.8,10.640089,7.157029,6.968872,8.030055,9.779411,7.1470046
"2020-02-29","Valid",4.5,10.799023,7.156435,7.299192,7.6933823,8.7563095,6.894929
"2020-03-01","Valid",4.3,10.509139,6.993751,7.0897655,5.2900057,8.274175,6.9753084
"2020-03-02","Valid",4.2000003,10.040116,6.97739,6.7375317,4.8251295,7.393222,6.8131604
"2020-03-03","Valid",4.2000003,10.269593,7.199181,6.143182,3.9482427,7.768826,6.8653817
"2020-03-04","Valid",4.1000004,9.83766,7.097084,5.5900717,4.959966,7.53316,6.8313813
"2020-03-05","Valid",4.1000004,9.594408,6.9603477,6.519432,4.7142825,5.909414,6.881385
"2020-03-06","Valid",4.2000003,9.474703,6.783226,8.020274,3.9739788,4.4158993,6.9213448
"2020-03-07","Valid",4,9.545256,6.638743,8.374911,4.3752794,4.712963,6.917351
"2020-03-08","Valid",4,9.161134,6.6282816,8.386122,4.902873,4.921732,7.1397004
"2020-03-09","Valid",4.1000004,8.795993,6.9826503,8.43152,6.2555017,4.279825,6.5683794
"2020-03-10","Valid",4.1000004,8.653305,7.322679,8.440654,5.1265607,4.888088,6.4296565
"2020-03-11","Valid",4.6000004,8.747092,7.6743298,8.445348,4.3798485,5.472933,6.5208025
"2020-03-12","Valid",4.8,8.841602,8.107931,8.394891,7.206285,6.1700373,6.5791397
"2020-03-13","Valid",4.7000003,8.892738,8.484974,8.296583,9.294611,4.6302013,6.674218
"2020-03-14","Valid",4.9,9.1502075,8.903649,8.162235,8.52231,5.453562,6.990199
"2020-03-15","Valid",4.9,9.571714,9.420759,8.0230255,8.396976,4.680129,7.110315
"2020-03-16","Valid",5,5.8081555,9.861193,7.91667,8.1425495,7.5947785,7.1840053
"2020-03-17","Valid",5,10.248219,10.244073,7.8533463,8.803968,5.3362236,7.161081
"2020-03-18","Valid",4.8,10.406611,10.43393,7.76947,8.929462,8.255978,7.1765757
"2020-03-19","Valid",4.9,9.780854,10.386687,8.6574335,8.530456,8.783197,7.243242
"2020-03-20","Valid",5,9.53331,10.3810625,9.452511,9.132814,9.716779,6.781875
"2020-03-21","Valid",5.3,9.408502,10.389868,10.061133,8.473398,10.051607,8.329185
"2020-03-22","Valid",5.5,6.6797047,10.713111,11.021271,8.932636,9.624684,8.537166
"2020-03-23","Valid",6.1000004,6.5021987,11.065777,10.99747,9.171069,9.183696,8.927328
"2020-03-24","Valid",7,6.530525,11.317175,10.758934,8.871323,8.535949,9.119591
"2020-03-25","Valid",7.6000004,7.5548596,11.58164,9.47562,8.740158,8.361109,10.820393
"2020-03-26","Valid",7.5,7.2317834,11.469724,10.05007,9.632635,7.7268095,9.383896
"2020-03-27","Valid",7.2000003,10.792063,11.881832,9.806134,9.784871,7.316853,9.744608
"2020-03-28","Valid",7.6000004,11.039439,12.370119,9.407423,9.247399,7.540589,9.825329
"2020-03-29","Valid",7.6000004,11.100031,12.59149,9.38103,9.316508,6.5104914,10.041156
"2020-03-30","Valid",7.5,11.257925,12.975391,9.128558,9.024738,7.079342,10.124943
"2020-03-31","Valid",7.5,11.910955,13.015744,8.49254,8.443924,6.062923,11.489156
"2020-04-01","Valid",7.4,11.654588,13.026389,9.028742,9.252427,6.1601286,10.19995
"2020-04-02","Valid",7.4,7.9966927,13.19278,9.06475,9.13142,6.532542,10.488794
"2020-04-03","Valid",7.5,11.563391,13.488382,9.038973,9.387448,6.354985,10.597221
"2020-04-04","Valid",7.7000003,11.649793,13.600252,8.818971,8.182049,6.4600353,10.4164505
"2020-04-05","Valid",7.7000003,11.718952,13.50074,9.014381,7.597,5.9686832,10.618714
"2020-04-06","Valid",7.5,7.4936786,13.639835,9.22403,8.436163,6.235999,10.883299
"2020-04-07","Valid",7.4,12.091455,13.879521,9.222216,9.033476,6.1126695,11.195595
"2020-04-08","Valid",7.1000004,12.322132,14.209421,9.29449,9.24609,6.06379,11.403131
"2020-04-09","Valid",7.1000004,12.324272,14.265523,9.086268,9.224409,6.5373993,11.57106
"2020-04-10","Valid",6.9,12.264511,14.190624,8.855715,8.642509,6.8676124,11.708981
"2020-04-11","Valid",6.8,12.260376,13.912715,8.735445,8.752364,6.7472634,11.926236
"2020-04-12","Valid",6.3,12.338822,13.941019,8.735119,8.767569,6.5787354,12.132336
"2020-04-13","Valid",6.3,12.340947,13.71163,8.636778,8.47079,6.626298,12.201537
"2020-04-14","Valid",6.3,11.092383,12.999323,9.195966,6.567604,6.234232,12.773704
"2020-04-15","Valid",6.2000003,11.92583,13.577728,10.374619,7.868931,7.7929735,11.815746
"2020-04-16","Valid",6.2000003,8.256695,13.362724,10.304169,7.991811,8.196808,11.837672
"2020-04-17","Valid",5.9,8.469819,13.334936,10.054917,7.984189,8.3363695,12.055155
"2020-04-18","Valid",5.8,12.708517,13.098307,9.849458,8.171476,7.356496,12.109472
"2020-04-19","Valid",5.7000003,8.7734,13.014744,9.719473,8.723778,7.729328,12.135347
"2020-04-20","Valid",5.7000003,8.993489,12.974264,9.352339,8.806925,8.659907,12.354654
"2020-04-21","Valid",5.6000004,12.6593,12.821491,9.096996,8.86886,7.8300567,12.453115
"2020-04-22","Valid",5.6000004,12.622888,12.716322,8.883804,9.504855,8.473476,12.510206
"2020-04-23","Valid",5.6000004,12.602039,12.669807,8.744816,9.13426,8.428507,12.56823
"2020-04-24","Valid",5.6000004,12.588491,12.512676,7.9332476,7.9361076,6.864498,12.792805
"2020-04-25","Valid",5.7000003,9.89933,12.636291,8.330456,8.904033,7.7664857,12.708438
"2020-04-26","Valid",5.7000003,12.660393,12.625465,8.556552,8.851029,8.302849,12.774843
"2020-04-27","Valid",5.5,10.299537,12.642271,8.535004,9.370556,8.019131,12.517882
"2020-04-28","Valid",5.5,10.523942,12.60324,8.25012,8.886488,7.543351,12.033558
"2020-04-29","Valid",5.4,12.746166,12.627481,8.072397,8.58369,7.357031,11.684256
"2020-04-30","Valid",5.3,12.70999,12.611425,8.025915,8.336172,7.348204,11.255807
"2020-05-01","Valid",5.1000004,12.639509,12.384195,7.6510124,8.151619,7.133623,11.016513
"2020-05-02","Valid",5,12.570061,12.185987,7.136448,8.247051,6.848564,10.855066
"2020-05-03","Valid",4.8,12.577911,12.13339,7.1537414,8.275796,6.8962755,10.734192
"2020-05-04","Valid",4.8,12.49991,11.794607,6.926916,8.294155,6.684751,10.591638
"2020-05-05","Valid",4.8,11.3438225,11.646624,6.961566,8.241781,6.339134,10.621551
"2020-05-06","Valid",4.8,12.24662,11.556641,7.2507863,7.554338,6.0671782,10.265327
"2020-05-07","Valid",4.6000004,12.134205,11.319908,7.174056,7.6500783,5.959537,9.992954
"2020-05-08","Valid",4.5,12.160787,11.095953,7.0693216,7.814502,5.953633,10.016178
"2020-05-09","Valid",4.4000006,12.132089,10.896603,6.9980536,8.507356,5.606054,10.03702
"2020-05-10","Valid",4.4000006,11.977434,10.493118,6.631178,8.0070305,5.355303,10.027452
"2020-05-11","Valid",4.2000003,11.946116,10.409924,6.4885373,7.6888866,5.0698104,10.104595
"2020-05-12","Valid",4.2000003,11.837079,10.173985,6.277871,8.198845,5.000614,10.18812
"2020-05-13","Valid",4.2000003,11.716109,9.908533,6.0716915,8.0102005,4.847996,10.31835
"2020-05-14","Valid",4,11.329733,9.733637,6.053933,8.005945,4.823454,10.358165
"2020-05-15","Valid",3.9000003,11.41706,9.446729,5.9971495,8.31617,4.9191957,10.276854
"2020-05-16","Valid",3.9000003,10.042065,8.606932,6.525524,7.2461495,5.258005,9.8095455
"2020-05-17","Valid",3.7000003,10.776058,8.208938,6.1735926,8.077833,4.9730067,9.564051
"2020-05-18","Valid",3.8000002,10.586997,7.999605,6.6361456,7.7430077,5.9592075,9.859791
"2020-05-19","Valid",3.8000002,11.06316,8.152064,7.422846,8.285773,6.6374607,10.053688
"2020-05-20","Valid",3.8000002,11.496118,8.629375,9.030398,11.049405,8.007434,10.713209
"2020-05-21","Valid",4.3,11.977422,9.39742,11.003162,11.131578,6.9644604,11.736183
"2020-05-22","Valid",6.3,12.451454,10.199724,11.86252,10.245034,5.60609,12.698961
"2020-05-23","Valid",7.8,12.806326,10.9449215,12.02315,10.3415165,4.242419,13.518396
"2020-05-24","Valid",9.1,13.046881,11.832772,11.913981,11.160431,2.5531216,13.922516
"2020-05-25","Valid",9.3,13.711941,12.643574,12.226612,10.541799,1.6280346,13.712839
"2020-05-26","Valid",9,13.77852,13.318003,12.103376,10.073768,0.26426125,13.722049
"2020-05-27","Valid",8.8,12.265764,13.862841,12.190596,10.849684,1.6755638,12.602753
"2020-05-28","Valid",8.8,13.620331,14.813191,13.200638,11.692383,2.0012321,12.432455
"2020-05-29","Valid",8.9,13.982815,15.122248,13.393143,12.462521,1.5380573,12.317318
"2020-05-30","Valid",8.9,14.293348,15.423138,13.781981,11.878744,2.0583272,12.866054
"2020-05-31","Valid",9.4,14.348244,15.511513,13.823492,12.723569,2.8937187,12.857707
"2020-06-01","Valid",9.5,14.389568,15.700613,13.602066,11.595126,2.173502,12.671688
"2020-06-02","Valid",9.5,14.400711,15.724192,13.36599,12.582938,1.9579482,12.486366
"2020-06-03","Valid",9.2,14.359583,15.748533,13.085314,11.8643055,1.8399587,11.972019
"2020-06-04","Valid",9.1,14.22407,15.787582,12.734734,11.775781,1.9362636,11.413327
"2020-06-05","Valid",8.9,14.096802,15.818375,12.780796,13.157326,2.356525,10.837362
"2020-06-06","Valid",8.7,13.794753,15.700815,12.607597,12.181384,2.5051193,10.877125
"2020-06-07","Valid",8.5,13.658065,15.802504,12.660669,12.466272,2.7607684,10.795484
"2020-06-08","Valid",8.1,13.371342,15.656914,12.560232,12.889753,2.902297,9.978427
"2020-06-09","Valid",8.1,13.068586,15.508137,12.353717,12.887207,3.0577636,9.997692
"2020-06-10","Valid",8,12.727583,15.411329,12.207464,13.093338,3.5423713,10.43558
"2020-06-11","Valid",7.9,12.341936,15.193651,11.712423,12.118339,3.257739,9.772572
"2020-06-12","Valid",7.9,12.519293,15.243544,11.606753,12.171608,3.6350238,9.534164
"2020-06-13","Valid",7.8,12.667477,15.093613,11.542389,12.441208,3.9039795,9.171341
"2020-06-14","Valid",7.6000004,12.659259,15.02375,11.640438,12.744087,4.109608,9.2954445
"2020-06-15","Valid",7.6000004,12.585077,14.741531,11.459246,12.642678,4.1634073,9.007536
"2020-06-16","Valid",7.5,12.558284,14.426731,11.029306,12.262218,4.098173,9.146974
"2020-06-17","Valid",7.5,12.462193,14.039377,10.629385,11.933292,4.1732054,9.339186
"2020-06-18","Valid",7.4,12.399481,13.677671,10.333439,14.196785,4.466588,9.560333
"2020-06-19","Valid",7.3,12.3271475,13.242563,10.143337,12.661408,4.4033237,9.52614
"2020-06-20","Valid",7.2000003,12.223963,12.916378,9.774771,11.897329,4.734267,9.714489
"2020-06-21","Valid",7.1000004,12.158719,12.512178,9.902086,12.257389,5.068989,9.97327
"2020-06-22","Valid",6.4,12.158693,12.146112,9.930216,13.307018,5.139171,9.518477
"2020-06-23","Valid",6.7000003,11.6022,12.082375,10.147284,12.109983,6.017387,10.632315
"2020-06-24","Valid",6.7000003,10.886717,12.651995,10.7358885,11.987793,6.121044,9.769289
"2020-06-25","Valid",7.5,11.999706,13.172085,11.827753,12.77089,7.1890326,9.325708
"2020-06-26","Valid",8.400001,12.642952,13.172285,12.004881,13.482183,7.096673,9.09593
"2020-06-27","Valid",8.2,13.111174,13.136772,11.6593,12.915971,6.716096,9.320005
"2020-06-28","Valid",8.7,13.419853,12.926763,11.0804825,12.508247,6.4626484,9.477753
"2020-06-29","Valid",8.2,13.567499,12.666853,10.603813,12.282909,6.20236,9.450016
"2020-06-30","Valid",8,13.721394,12.4048815,10.341023,11.596204,6.0777698,9.355599
"2020-07-01","Valid",8,13.759605,12.14511,10.03553,11.711912,6.0289598,9.562246
"2020-07-02","Valid",8,13.717266,11.85051,9.820143,11.5516815,5.936706,9.426305
"2020-07-03","Valid",7.8,13.629859,11.445053,9.563053,11.252867,5.806738,9.2960415
"2020-07-04","Valid",7.7000003,13.512608,11.0631275,9.102261,10.627617,5.6432533,9.352768
"2020-07-05","Valid",7.5,13.355173,10.652889,8.7845125,10.616442,5.613078,9.177421
"2020-07-06","Valid",7.1000004,13.144235,10.241023,8.418258,10.40425,5.452626,9.005082
"2020-07-07","Valid",6.9,12.899881,9.807657,8.016064,10.118663,5.225505,8.925706
"2020-07-08","Valid",6.6000004,12.616552,9.399282,7.7143493,9.930809,5.169035,8.891326
"2020-07-09","Valid",6.2000003,12.240282,8.897184,7.282072,9.526955,4.9664125,8.629827
"2020-07-10","Valid",6.1000004,11.774916,8.530264,6.9202967,9.567368,4.925331,8.765302
"2020-07-11","Valid",5.9,11.329145,8.1416645,6.4658957,9.079149,4.8882327,8.425251
"2020-07-12","Valid",5.7000003,10.871948,7.8187056,6.058015,8.501238,4.8264303,8.1347275
"2020-07-13","Valid",5.6000004,10.364452,7.5573425,5.8732953,7.9817314,4.80043,8.141137
"2020-07-14","Valid",4.9,9.946949,7.348449,5.505986,7.6902843,4.816311,8.010071
"2020-07-15","Valid",3.5000002,9.510118,7.126813,5.2870297,7.5491896,4.8472543,7.734492
"2020-07-16","Valid",4.4000006,8.672656,6.939392,5.4667716,7.3465915,5.057425,7.585602
"2020-07-17","Valid",4.4000006,8.498671,6.841085,4.756074,7.4081445,4.826768,7.450418
"2020-07-18","Valid",4,8.2445965,6.624802,4.168175,6.868598,4.796258,7.365524
"2020-07-19","Valid",4,7.933273,6.362656,3.8472707,6.7096596,4.7805357,7.2057405
"2020-07-20","Valid",4.1000004,7.5512657,6.122472,3.7277923,7.7368183,4.7988358,7.202725
"2020-07-22","Valid",3.9000003,6.7125735,5.5881453,3.0700495,7.199814,4.8003902,6.9330935
"2020-07-23","Valid",3.7000003,6.1753798,5.2951736,2.900141,7.604595,5.0396676,6.498701
"2020-07-24","Valid",3.7000003,5.891327,5.069841,2.453085,7.5912333,4.9826274,6.3855786
"2020-07-25","Valid",3.3000002,5.652111,4.8265014,2.188703,7.071477,5.1340184,6.44706
"2020-07-26","Valid",2.7000003,5.418216,4.613829,2.1469278,5.618965,5.260708,6.5539126
"2020-07-27","Valid",2.5000005,5.155531,4.4604964,2.4933505,5.337216,5.600724,5.772116
"2020-07-28","Valid",2.5000005,4.5955677,4.2162113,2.3318844,4.6139297,5.6220655,5.373299
"2020-07-29","Valid",2.5000005,4.3195477,4.115434,2.0446033,4.7101207,5.6961694,5.038164
"2020-07-30","Valid",2.2000003,4.153054,4.076399,1.9644895,5.481166,5.78093,3.9496686
"2020-07-31","Valid",1.9000006,3.9776907,4.1423798,2.2495646,4.3416505,6.4205723,3.3211627
"2020-08-01","Valid",1.6000004,3.754274,4.229747,2.3621583,4.2518497,6.3563504,4.223152
"2020-08-02","Valid",1.5,3.5748968,4.206996,1.9975185,3.8144493,6.493649,3.125158
"2020-08-03","Valid",1.4000001,3.4179978,4.1746416,2.023909,5.0537667,6.5453534,3.228074
"2020-08-04","Valid",1.4000001,3.2065232,4.1639338,2.1368718,3.356953,6.4646387,3.2226205
"2020-08-05","Valid",1.4000001,3.0620005,4.1057367,1.9668274,3.0726054,6.6776757,1.9531121
"2020-08-06","Valid",1.4000001,2.9600012,4.0071073,1.7778726,3.0458093,7.285792,1.8025413
"2020-08-07","Valid",1.3000002,2.9876807,3.9598742,1.6340752,3.05801,7.648,1.6069217
"2020-08-08","Valid",1.1000004,2.9701226,3.6434107,1.5196662,2.9444456,7.501924,2.1048307
"2020-08-09","Valid",1.1000004,3.064454,3.429017,1.5016398,2.5166116,7.5472603,2.3004394
"2020-08-12","Valid",1.0000005,2.8081932,2.8065896,1.7237725,2.0634475,7.3549833,2.0043502
"2020-08-13","Valid",0.9000006,2.8194342,2.6033292,0.8450265,2.3719635,6.976302,1.4238839
"2020-08-14","Valid",0.9000006,2.867629,2.5691385,1.1977911,2.3179765,7.073711,2.256322
"2020-08-15","Valid",0.8000002,2.83702,2.5533175,2.0460305,2.2081742,7.4354215,1.8828425
"2020-08-16","Valid",0.7000003,2.614697,2.2785974,2.5561595,1.6872969,7.080992,1.3161182
"2020-08-17","Valid",0.6000004,2.48206,2.00103,2.1402254,2.3376207,5.9678407,1.8941917
"2020-08-18","Valid",0.5,2.3726616,1.9883156,2.313714,2.240405,6.102702,2.056367
"2020-08-19","Valid",0.30000067,2.2221222,2.0097976,2.2700772,2.1085443,6.1787558,1.9760237
"2020-08-20","Valid",0.30000067,2.0946474,2.019628,2.2048206,2.0580344,6.211877,2.0027776
"2020-08-21","Valid",0.5,1.9904037,2.002881,2.1831713,1.9838591,6.473404,1.6793952
"2020-08-22","Valid",0.6000004,1.9172869,1.9528761,1.9982247,1.8958426,6.379608,1.8608112
"2020-08-23","Valid",0.6000004,1.8668599,1.9034944,1.0962362,1.8283052,6.6246524,1.9189763
"2020-08-24","Valid",0.5,1.8795996,1.8445168,1.0762205,1.7575064,7.046384,1.9043212
"2020-08-25","Valid",0.5,1.96309,2.1127253,2.1302528,1.9993906,7.5089536,1.7070465
"2020-08-26","Valid",0.6000004,1.8925786,2.0855975,1.0379367,1.6430788,7.3265457,1.5414948
"2020-08-27","Valid",0.6000004,2.0169888,2.43056,2.260675,2.0676026,7.638604,1.612258
"2020-08-28","Valid",0.6000004,1.9592948,2.4635997,1.2623324,1.6690164,7.268634,1.4295177
"2020-08-29","Valid",0.5,1.947206,2.4330711,1.8140259,1.7064171,7.370061,1.4015408
"2020-08-30","Valid",0.5,1.7780843,2.3940973,1.5001307,1.5740967,7.418466,1.1283956
"2020-08-31","Valid",0.30000067,1.7158861,2.3541322,2.1839519,1.572125,7.4299684,0.89274216
"2020-09-01","Valid",0.20000029,1.623879,2.3259969,1.2702975,1.5931444,7.616323,1.2073979
"2020-09-02","Valid",0.10000038,1.5462022,2.2908382,2.5982804,1.5752139,8.244556,0.8633065
"2020-09-03","Valid",0.10000038,1.5789466,2.1553655,2.2385077,1.3482823,6.744322,1.2865915
"2020-09-04","Valid",0.10000038,1.5078697,2.009993,2.5153031,1.3472676,8.146835,1.1174178
"2020-09-05","Valid",0.10000038,1.5235949,1.8948622,2.470491,1.2371001,8.063484,1.0159516
"2020-09-06","Valid",0.10000038,1.4719672,1.7988462,2.4601336,1.1415076,4.224928,1.2820306
"2020-09-07","Valid",0.10000038,1.43994,1.7226343,2.8568044,0.90409756,8.396194,1.4003797
"2020-09-08","Valid",0.20000029,1.473999,1.6142898,3.0746005,1.1410179,9.070011,1.014298
"2020-09-09","Valid",0.40000057,1.5338321,1.765233,2.9618907,1.4464655,2.636732,-1.0009379
"2020-09-10","Valid",0.40000057,1.2042294,1.5657158,4.0947905,1.5198827,1.9501843,-0.73343277
"2020-09-11","Valid",0.40000057,0.92278814,1.4882803,3.935305,1.6696243,4.1843023,-0.47535658
"2020-09-12","Valid",0.40000057,0.76110077,1.3791203,3.1759932,1.6819263,4.4876223,-0.1945405
"2020-09-13","Valid",0.20000029,0.6668024,1.3801293,3.159318,1.8371034,4.45483,-0.13692808
"2020-09-14","Valid",0.30000067,0.8254719,1.328949,3.3049102,2.1176462,5.6784205,-0.11546183
"2020-09-15","Valid",0.30000067,0.9156966,1.328547,3.1368937,1.4172945,4.670189,0.71205044
"2020-09-16","Valid",0.40000057,1.0468159,1.3174772,2.5632486,1.4637313,4.143491,0.9881339
"2020-09-17","Valid",0.40000057,1.1273036,1.2855802,2.49863,1.4030375,3.5731814,1.1072831
"2020-09-18","Valid",0.5,1.2156234,1.2710085,2.4267344,1.5008855,3.147439,1.1072173
"2020-09-19","Valid",0.40000057,1.2810421,1.2695684,2.1546354,1.5644898,2.7657552,1.145587
"2020-09-20","Valid",0.20000029,1.3028364,1.2590075,2.226592,1.6027002,2.5274305,1.2233315
"2020-09-21","Valid",0.10000038,1.331315,1.2236223,1.9800487,1.5863957,2.2970266,1.3445134
"2020-09-22","Valid",0.10000038,1.354341,1.166667,2.009438,1.5708661,2.1004744,1.4742093
"2020-09-23","Valid",0.10000038,1.3458252,1.1071196,2.052678,1.5424109,1.9904947,1.5885749
"2020-09-24","Valid",0.10000038,1.3294091,1.0566335,2.2190347,1.5266738,1.9360929,1.6885366
"2020-09-25","Valid",4.7683716e-07,1.312861,1.0144043,2.4082403,1.5040932,1.9047456,1.7817583
"2020-09-26","Valid",4.7683716e-07,1.3018622,0.9749894,2.5736947,1.466867,1.852725,1.8825774
"2020-09-27","Valid",0.10000038,1.2682734,0.93937445,2.812984,1.4610863,1.8352566,1.9246125
"2020-09-28","Valid",0.20000029,1.3609476,0.94119024,3.1597338,1.6586542,1.6045966,1.5456419
"2020-09-29","Valid",0.40000057,1.3056102,0.92517424,3.6676328,1.640439,1.2144246,1.2265053
"2020-09-30","Valid",0.5,1.3253107,0.91301966,3.751679,1.7948351,1.0919929,1.2646928
"2020-10-01","Valid",0.5,1.2910347,0.9150233,3.778072,1.7882533,1.197792,1.4734483
"2020-10-02","Valid",0.40000057,1.3615017,0.94369936,4.1982193,1.7708802,1.0889397,1.2750058
"2020-10-03","Valid",0.20000029,1.4249859,0.9922652,4.3226304,1.7726097,0.8247361,1.1380877
"2020-10-04","Valid",0.20000029,1.311842,1.0161381,4.1220303,1.8204875,0.8932185,1.2054014
"2020-10-05","Valid",0.20000029,1.3677344,1.0057864,3.9727006,1.8227639,0.7379379,1.1175008
"2020-10-06","Valid",0.30000067,1.348949,0.96664906,4.2207203,2.0140586,0.8459878,1.4111075
"2020-10-07","Valid",0.40000057,1.3533845,0.9137516,3.2697697,1.9523373,1.0332704,1.7095761
"2020-10-08","Valid",0.40000057,1.3313689,0.85266685,3.11736,1.8523698,1.2557483,1.9506721
"2020-10-09","Valid",0.40000057,1.3636093,0.8184056,3.2362366,1.7514911,1.2388039,1.8711205
"2020-10-10","Valid",0.30000067,1.3039098,0.8031645,3.1617055,1.7835207,1.4216042,2.2232585
"2020-10-11","Valid",0.30000067,1.3001776,0.77184725,3.8845623,1.6562662,1.5342579,2.1689224
"2020-10-12","Valid",0.30000067,1.3061256,0.7774739,3.4757354,1.6967678,1.4964705,2.2006006
"2020-10-13","Valid",0.5,1.3733535,0.8090668,4.216896,1.6786466,1.2728395,1.8682804
"2020-10-14","Valid",0.40000057,1.3615298,0.8712077,4.574805,1.7616744,1.1115851,1.8687086
"2020-10-15","Valid",0.40000057,1.361064,0.8943329,4.161124,1.8284335,1.0676765,1.9389181
"2020-10-16","Valid",0.40000057,1.4660163,0.9337158,4.7833157,1.5907397,0.77665615,1.5323029
"2020-10-17","Valid",0.6000004,1.4368615,0.99444485,4.8576465,1.7172132,0.63806486,1.4865289
"2020-10-18","Valid",0.20000029,1.3748784,0.9963932,4.806951,1.98032,0.79217243,1.733715
"2020-10-19","Valid",0.30000067,1.3647289,0.9849882,5.021068,1.4754667,0.48764515,1.1312346
"2020-10-20","Valid",0.30000067,1.3836927,1.0132165,5.0586834,1.5959358,0.619884,0.94465876
"2020-10-21","Valid",0.40000057,1.2456574,1.0204172,4.7760324,1.6714172,0.5814705,0.94633913
"2020-10-22","Valid",0.40000057,1.233952,0.9619913,4.409173,1.8732343,0.9085779,1.1299682
"2020-10-23","Valid",0.40000057,0.79145527,1.3375549,4.856408,2.59488,1.8751903,2.0519495
"2020-10-24","Valid",0.40000057,0.2961173,1.2572832,4.977111,2.2335215,1.8590884,1.2323413
"2020-10-25","Valid",0.40000057,0.5933299,0.8066745,4.732043,1.3609209,1.1101542,0.49159384
"2020-10-26","Valid",0.40000057,0.731832,0.781301,4.5320263,1.9384856,1.3383436,0.15119314
"2020-10-27","Valid",0.40000057,0.85181093,0.82865,4.55027,1.8704362,1.5302138,-0.1376648
"2020-10-28","Valid",0.40000057,0.9844651,0.854661,4.5987735,1.9075861,1.769844,-0.060316086
"2020-10-29","Valid",0.40000057,1.0982718,0.8663707,4.6068707,1.9580417,1.9521537,0.28653526
"2020-10-30","Valid",0.20000029,1.1098065,0.8650546,4.7062716,1.7038221,2.26616,0.2669797
"2020-10-31","Valid",0.30000067,1.2146034,0.87618876,4.839488,1.7566028,2.405612,0.47522926
"2020-11-01","Valid",0.40000057,1.2285299,0.8508911,4.747861,2.018928,2.5591874,1.0849576
"2020-11-02","Valid",1.1000004,1.3181581,0.84140635,5.0191145,1.4615483,2.6380558,0.7457652
"2020-11-03","Valid",1.0000005,1.3850684,0.8666668,5.028689,1.8223138,2.4413128,1.0840039
"2020-11-04","Valid",0.7000003,1.3596392,0.8415551,4.745307,2.0323486,2.4574075,1.681994
"2020-11-05","Valid",0.5,1.320818,0.7771301,4.5272264,1.859323,2.565886,2.0387907
"2020-11-06","Valid",0.40000057,1.3706255,0.7543416,4.325885,1.802423,2.591823,2.2167096
"2020-11-07","Valid",0.30000067,1.4086585,0.7492962,4.075761,1.8136139,2.4479527,2.3927364
"2020-11-08","Valid",0.30000067,1.3529668,0.7313633,3.998533,1.7658095,2.3144922,2.6269236
"2020-11-09","Valid",0.30000067,1.3658376,0.7276001,3.9714584,1.755333,2.4232903,2.7759514
"2020-11-10","Valid",0.40000057,1.5041323,0.7639766,3.9881868,1.6357694,1.7495022,2.478877
"2020-11-11","Valid",0.30000067,1.0960264,0.9888654,5.1484246,2.1690755,1.184197,1.8922424
"2020-11-12","Valid",0.30000067,1.0630069,0.8376236,4.4969473,1.6826167,0.88441277,1.5044384
"2020-11-13","Valid",0.40000057,1.1386747,0.79756546,3.98811,1.9255137,0.9081769,1.4067206
"2020-11-14","Valid",0.30000067,1.2173753,0.83292294,3.758992,1.697,1.1695971,0.9315753
"2020-11-15","Valid",0.40000057,1.1831536,0.86835,3.4070761,1.9584551,1.4703202,1.4128199
"2020-11-16","Valid",0.8000002,1.2022557,0.8788848,3.3462944,1.6473913,1.6891508,1.1759992
"2020-11-17","Valid",0.7000003,1.302248,0.8865247,3.1625047,1.7799773,1.7786746,1.2763472
"2020-11-18","Valid",0.9000006,1.311347,0.8920741,3.3489454,1.5156631,1.9940162,0.98931456
"2020-11-19","Valid",0.40000057,1.3073926,0.8996372,3.1866887,1.9766674,2.2835174,1.6161337
"2020-11-20","Valid",0.8000002,1.2574258,0.84388685,3.0484746,1.934607,2.654581,2.0380025
"2020-11-21","Valid",0.8000002,1.3421383,0.83493376,3.2774527,1.5588827,2.880425,1.8561964
"2020-11-22","Valid",0.8000002,1.4019971,0.8940358,3.5465248,1.4779477,2.7520704,1.5783925
"2020-11-23","Valid",0.40000057,1.4058514,0.9227896,3.5830867,1.7113605,2.775115,1.7101355
"2020-11-24","Valid",0.40000057,1.4400525,0.95271015,4.080545,1.3627691,3.234384,1.1517115
"2020-11-25","Valid",0.20000029,0.98071337,1.043417,4.541882,1.9503784,2.9954913,1.721231
"2020-11-26","Valid",0.20000029,0.907125,0.88551474,4.1291595,1.6938162,3.1338553,1.1614928
"2020-11-27","Valid",0.30000067,0.89292526,0.83836174,3.614077,1.8491011,3.063866,1.2181392
"2020-11-28","Valid",0.40000057,1.0365944,0.78916025,3.3910224,1.7054935,3.1044407,1.0821395
"2020-11-29","Valid",0.30000067,1.1141934,0.8020992,3.0544567,1.920516,3.62901,1.448194
"2020-11-30","Valid",4.7683716e-07,1.1897931,0.8212166,3.3662446,1.4435134,4.131939,1.0339417
"2020-12-01","Valid",4.7683716e-07,1.2799816,0.88416433,3.8549163,1.3547311,4.160648,0.6365628
"2020-12-02","Valid",0.10000038,1.3230052,0.9203043,4.0044327,1.4589496,4.484915,0.7555194
"2020-12-03","Valid",0.20000029,1.2726259,0.920454,4.018368,1.4736533,5.062337,0.8949008
"2020-12-04","Valid",0.30000067,1.2973294,0.91598606,4.10134,1.3344655,5.256212,0.7881131
"2020-12-05","Valid",0.30000067,1.2738986,0.9100218,3.9776185,1.5069232,5.6455803,1.0440187
"2020-12-06","Valid",0.30000067,1.3119512,0.89756155,3.966844,1.3600063,5.7765584,0.95719147
"2020-12-07","Valid",0.30000067,1.2893496,0.912045,4.136545,1.2877779,6.012357,0.88269377
"2020-12-08","Valid",0.30000067,1.2928247,0.95135355,4.248577,1.3120394,6.254728,0.89534426
"2020-12-09","Valid",0.30000067,1.3604674,0.9395323,3.8925993,1.5611238,6.4629803,1.1650381
"2020-12-10","Valid",0.40000057,1.304419,0.8898039,3.6221998,1.6654215,7.132368,1.410912
"2020-12-11","Valid",0.5,1.3974271,0.8552065,3.3130338,1.5999255,7.0479693,1.519855
"2020-12-12","Valid",0.30000067,1.3353605,0.8655453,3.7214525,1.2659912,7.077751,1.364542
"2020-12-13","Valid",0.10000038,0.8186474,1.1002855,4.452097,2.1080961,7.457258,2.6182647
"2020-12-14","Valid",0.10000038,0.8785014,0.8390899,4.1330767,1.5549645,5.6500177,0.50151587
"2020-12-15","Valid",0.30000067,0.9857812,0.8489723,4.1599703,1.838614,5.450471,0.2011137
"2020-12-16","Valid",0.30000067,1.0313959,0.89837456,4.437825,1.6775241,5.603383,0.3309064
"2020-12-17","Valid",0.30000067,1.1274929,0.93037415,4.670516,1.4985762,5.5325103,0.25306988
"2020-12-18","Valid",0.30000067,1.1193061,0.95883226,4.817455,1.4072251,5.6138153,0.3497839
"2020-12-19","Valid",0.20000029,1.1623287,0.94302845,4.5201044,1.4816103,5.7407637,0.54765654
"2020-12-20","Valid",0.30000067,1.1937962,0.9200454,4.5889187,1.2189775,5.4681444,0.36120892
"2020-12-21","Valid",0.10000038,1.2269168,0.9094715,4.4698057,1.3156228,5.2993436,0.5009265
"2020-12-22","Valid",0.10000038,1.1759429,0.892303,4.2143774,1.4877272,4.90411,0.74160767
"2020-12-23","Valid",0.10000038,1.2555633,0.86988163,3.9627173,1.4282889,5.941346,0.77586555
"2020-12-24","Valid",4.7683716e-07,1.3790851,0.87262154,3.8522573,1.3005519,5.1643085,0.6354146
"2020-12-25","Valid",0.20000029,1.3009181,0.91715145,4.83189,0.94552183,4.48808,0.19327688
"2020-12-26","Valid",0.20000029,1.2976656,0.96138954,4.852172,1.1924071,4.447239,0.6311531
"2020-12-27","Valid",0.20000029,1.1782789,0.9615979,4.6804457,1.1938357,4.7131186,0.7920737
"2020-12-28","Valid",0.30000067,1.1525679,0.9708495,4.6801195,1.1072459,4.897941,0.789145
"2020-12-29","Valid",0.30000067,1.221087,0.9803443,4.7426033,1.0147467,4.7171416,0.755877
"2020-12-30","Valid",0.20000029,1.212883,0.984488,4.668183,1.1212673,4.7018237,0.87431526
"2020-12-31","Valid",0.30000067,0.66560507,1.0521903,4.915724,1.3852859,4.9483075,1.6182127
