"Site","RMSE_Calib","RMSE_Valid","NSE_Calib","NSE_Valid","MI_Calib","MI_Valid","multi_watershed"
"01408500",0.324001,0.478446,0.884754,0.809425,0.489372,0.446673,"indv-watershed"
"01463500",0.464722,0.98575,0.774917,0.118831,0.356507,0.320173,"indv-watershed"
"01646500",0.336722,0.590564,0.884048,0.677058,0.46756,0.318977,"indv-watershed"
"03339000",0.385268,0.495805,0.842884,0.780781,0.452601,0.4314,"indv-watershed"
"03346500",0.462972,0.757981,0.813273,-0.062164,0.438949,0.254058,"indv-watershed"
"04072150",0.408216,0.809506,0.853213,-0.115303,0.505951,0.427993,"indv-watershed"
"04081000",0.279963,0.345424,0.92687,0.839699,0.537008,0.424648,"indv-watershed"
"05412500",0.376638,1.015054,0.869901,-1.825956,0.521176,0.292778,"indv-watershed"
"05418400",0.282863,0.880834,0.920684,0.175316,0.513568,0.471507,"indv-watershed"
"05446500",0.657357,1.045272,0.637571,-3.447631,0.278304,0.244792,"indv-watershed"
"05447500",0.349151,0.741072,0.886907,-0.5803,0.512035,0.408129,"indv-watershed"
"05455100",0.291863,0.713438,0.924369,-0.160028,0.568327,0.300598,"indv-watershed"
"05457000",0.456103,0.637044,0.806126,0.455288,0.422019,0.430862,"indv-watershed"
"05465500",0.377449,0.737969,0.870267,0.091671,0.544367,0.414021,"indv-watershed"
"05481000",0.319683,0.747711,0.907048,-0.118241,0.511813,0.527649,"indv-watershed"
"05482000",0.353714,0.890354,0.876007,-0.672326,0.484498,0.437995,"indv-watershed"
"05482300",0.431676,1.021851,0.839246,-2.834803,0.415315,0.250149,"indv-watershed"
"05482500",0.46581,0.786515,0.806806,-0.83109,0.426844,0.432976,"indv-watershed"
"05484000",0.252313,0.481911,0.927819,0.672175,0.553177,0.502842,"indv-watershed"
"05484500",0.432721,0.778971,0.830392,-0.292682,0.413706,0.398693,"indv-watershed"
"05515500",0.493422,0.582738,0.775691,0.435312,0.485513,0.314252,"indv-watershed"
"05517500",0.513901,0.585845,0.73628,0.645456,0.46072,0.372865,"indv-watershed"
"05518000",0.483574,0.489506,0.768785,0.714912,0.455265,0.480679,"indv-watershed"
"05524500",0.342652,0.484328,0.872451,0.763638,0.480757,0.473054,"indv-watershed"
"05537980",0.35156,0.55102,0.8678,0.696239,0.428358,0.362971,"indv-watershed"
"05595000",0.579168,0.538299,0.706295,0.493806,0.386683,0.326251,"indv-watershed"
"06481000",0.611401,0.546616,0.634496,0.602439,0.397746,0.333745,"indv-watershed"
"06808500",0.276852,0.983342,0.873191,0.071823,0.493787,0.363946,"indv-watershed"
"06817000",0.366305,0.695744,0.88437,-0.775113,0.498599,0.347689,"indv-watershed"
"01408500",0.326751,0.446639,0.882789,0.833921,0.486166,0.491526,"indv-watershed bfs"
"01463500",0.428799,0.971666,0.80837,0.143831,0.381227,0.284338,"indv-watershed bfs"
"01646500",0.319794,0.685764,0.895414,0.564547,0.481793,0.30765,"indv-watershed bfs"
"03339000",0.336618,0.48158,0.880059,0.79318,0.509472,0.3934,"indv-watershed bfs"
"03346500",0.379724,0.667371,0.874387,0.1766,0.520741,0.342823,"indv-watershed bfs"
"04072150",0.375469,0.74005,0.875819,0.067874,0.505459,0.436583,"indv-watershed bfs"
"04081000",0.278337,0.366183,0.927717,0.819852,0.546799,0.433228,"indv-watershed bfs"
"05412500",0.379866,1.056895,0.867661,-2.063735,0.483879,0.294257,"indv-watershed bfs"
"05418400",0.28209,0.736285,0.921116,0.423775,0.537847,0.498723,"indv-watershed bfs"
"05446500",0.479909,0.90183,0.80683,-2.310693,0.392333,0.125095,"indv-watershed bfs"
"05447500",0.279959,0.844675,0.927289,-1.053042,0.580523,0.39545,"indv-watershed bfs"
"05455100",0.248893,0.5935,0.944999,0.197218,0.60084,0.470051,"indv-watershed bfs"
"05457000",0.405519,0.642211,0.846745,0.446417,0.436499,0.405462,"indv-watershed bfs"
"05465500",0.317701,0.818452,0.908088,-0.117258,0.611278,0.353649,"indv-watershed bfs"
"05481000",0.303706,0.826558,0.916107,-0.366515,0.523466,0.487598,"indv-watershed bfs"
"05482000",0.581747,0.928161,0.664604,-0.817366,0.323892,0.389792,"indv-watershed bfs"
"05482300",0.394345,0.992568,0.865848,-2.61817,0.445658,0.262824,"indv-watershed bfs"
"05482500",0.808087,0.725859,0.418576,-0.559554,0.25188,0.362748,"indv-watershed bfs"
"05484000",0.220186,0.424983,0.94503,0.745052,0.594311,0.514091,"indv-watershed bfs"
"05484500",0.467199,0.808212,0.802287,-0.391556,0.399679,0.377058,"indv-watershed bfs"
"05515500",0.460348,0.560107,0.804754,0.47832,0.507042,0.230807,"indv-watershed bfs"
"05517500",0.509417,0.558518,0.740862,0.67776,0.487757,0.361952,"indv-watershed bfs"
"05518000",0.487902,0.574006,0.764628,0.607991,0.472728,0.395427,"indv-watershed bfs"
"05524500",0.306626,0.414025,0.897862,0.827276,0.508792,0.446267,"indv-watershed bfs"
"05537980",0.318094,0.53044,0.891771,0.718505,0.461736,0.344985,"indv-watershed bfs"
"05595000",0.515177,0.714625,0.767611,0.107873,0.41045,0.275623,"indv-watershed bfs"
"06481000",0.63331,0.481171,0.607832,0.691938,0.333654,0.333023,"indv-watershed bfs"
"06808500",0.276526,0.98473,0.87349,0.069201,0.477501,0.336512,"indv-watershed bfs"
"06817000",0.290036,0.485662,0.927508,0.135043,0.566016,0.346697,"indv-watershed bfs"
"01408500",0.238830776979786,0.274658379448728,-0.658943043538728,-0.663816253512329,0.158474848340761,0.26200914876572,"multi-watershed"
"01463500",0.183952933862604,0.251403697459064,-0.18897487396845,-0.932292030395563,0.108840944262066,0.232777458008691,"multi-watershed"
"01646500",0.29326786031018,0.383088810130921,0.396403220972712,0.0674454641036749,0.196747121633195,0.237346634989046,"multi-watershed"
"03339000",1.34703677770226,1.69472827601349,0.709483205522566,0.612588178537419,0.351640135351461,0.32315444867772,"multi-watershed"
"03346500",1.62924381115733,1.36753470235586,0.451871868631381,0.18047445351468,0.244297320277257,0.272876762332,"multi-watershed"
"04072150",0.92787378167236,1.07675249391457,0.639942892365985,0.063145601321683,0.344899156516812,0.225221732592404,"multi-watershed"
"04081000",0.471556100391118,0.662532839770884,0.320177533626352,-0.932329632755345,0.210194674256578,0.257490937451301,"multi-watershed"
"05412500",1.42508143142125,1.87226439232629,0.740278733277466,-0.340676850507357,0.351989813304408,0.368283308347354,"multi-watershed"
"05418400",1.4613318089671,1.66105961175795,0.62772194188339,0.484260949547785,0.374027620150878,0.442017546682849,"multi-watershed"
"05446500",0.952060949756655,0.530837066832887,0.394568980232066,0.0865029578178994,0.188266267979112,0.182977728102476,"multi-watershed"
"05447500",0.983153508737578,1.03524152296548,0.786256257890655,0.264907293606234,0.416405514020423,0.422421246712441,"multi-watershed"
"05455100",1.72654910535493,1.25375588724688,0.804653096835278,0.735584295102973,0.543038200735113,0.436336192705621,"multi-watershed"
"05457000",1.79733370026255,1.77158793658751,0.352290689506216,0.0936770568855528,0.182112676480808,0.337431806966601,"multi-watershed"
"05465500",1.4428800166285,1.34649931409941,0.750943434292097,0.602732913361114,0.391495796012675,0.309995261561942,"multi-watershed"
"05481000",3.25627659880159,3.31474329004803,0.816213693739954,0.581187857113493,0.432301106060905,0.566165427292506,"multi-watershed"
"05482000",2.2084436808913,2.73107458114335,0.710153252640572,0.0564433872964786,0.294152060590353,0.312945920014197,"multi-watershed"
"05482300",2.8855275340534,3.04220144369557,0.689061444923504,-0.47137407831001,0.279382052665609,0.221682041648451,"multi-watershed"
"05482500",2.97077824424255,3.45095798626254,0.783581678149908,0.0291518151907609,0.386941137430747,0.308147178626573,"multi-watershed"
"05484000",1.5427416670566,1.9077335275712,0.644207385847597,0.322658123415233,0.299741473346474,0.467280566561458,"multi-watershed"
"05484500",2.21235595061778,2.50288796511022,0.769970255147594,0.307570153548422,0.342553187451056,0.374915499605097,"multi-watershed"
"05515500",0.304491469093048,0.344792108545087,0.299561104386834,-0.621012908504613,0.19432816467329,0.162520785643485,"multi-watershed"
"05517500",0.576527889629196,0.609203559038407,0.496865635654905,0.418850233258521,0.295909332682726,0.360176633258781,"multi-watershed"
"05518000",0.530032726752922,0.477622978466741,0.476176703582663,0.488173472012329,0.311806865228295,0.410598628035908,"multi-watershed"
"05524500",1.45235775617112,1.13931941731233,0.623181327024772,0.7849164108168,0.288268062761884,0.388070896812912,"multi-watershed"
"05537980",1.12188357931698,1.59890444620225,0.164723984627107,-0.586879987451527,0.123176978237688,0.112467340003781,"multi-watershed"
"05595000",0.714462595564537,0.623143203607199,0.288128677146511,-0.0804060714840047,0.171813562253752,0.219931387973151,"multi-watershed"
"06481000",0.696686961374257,0.604986971249861,0.541671067952325,0.529679136242001,0.305030892342003,0.435686835985367,"multi-watershed"
"06808500",0.926899327365945,1.91278438323716,0.597974500165944,0.00667967519739332,0.288319333025429,0.378267703225316,"multi-watershed"
"06817000",1.43115350989376,1.39701335998351,0.720058558675903,-0.135110952367888,0.397487674888667,0.340103567119734,"multi-watershed"
"01408500",0.264819930701838,0.294097734138337,-1.03963399689182,-0.907669025235686,0.214615397556779,0.28483144682321,"multi-watershed bfs"
"01463500",0.195385108802776,0.260740730195849,-0.341350148012201,-1.07848654261174,0.108484653373083,0.231254550355293,"multi-watershed bfs"
"01646500",0.255109970768709,0.328979311007023,0.543256075651061,0.312278700985694,0.224845213426442,0.220253195667135,"multi-watershed bfs"
"03339000",1.29512181184139,1.63375112030061,0.731444805891791,0.639965143770237,0.348767085636174,0.40055868202704,"multi-watershed bfs"
"03346500",1.40060308273305,1.31790641632741,0.594920702680669,0.238876860895953,0.355350657049388,0.290124668280319,"multi-watershed bfs"
"04072150",0.960234966729475,1.51249860022614,0.614389721031814,-0.848546197108027,0.36787062459337,0.253110205295257,"multi-watershed bfs"
"04081000",0.45676215311094,0.674803141745358,0.362164062453889,-1.00456700440374,0.214370933490739,0.271854812208127,"multi-watershed bfs"
"05412500",1.37818526743896,2.27657989725706,0.757091149061822,-0.982236718918709,0.344718965953787,0.298829055970918,"multi-watershed bfs"
"05418400",1.28322737161382,2.02422126113223,0.712937196550697,0.234093870552615,0.428238303547344,0.471441413391454,"multi-watershed bfs"
"05446500",0.875997927946314,0.83583150173784,0.487444051161959,-1.26475962738186,0.201359968270164,0.200849834646325,"multi-watershed bfs"
"05447500",1.05865697918222,1.46054732880505,0.752165791622535,-0.463153910257056,0.399147843491415,0.394707834646849,"multi-watershed bfs"
"05455100",1.77992132055862,1.40251192662409,0.792389063258634,0.669117014019093,0.458011108676206,0.496756402210978,"multi-watershed bfs"
"05457000",1.70066018188379,1.66491090163837,0.420093794295379,0.199540145585703,0.232230958980715,0.349115369688293,"multi-watershed bfs"
"05465500",1.34995160545921,1.92557485840173,0.781991219363388,0.18756040405922,0.425067682546029,0.36147426215906,"multi-watershed bfs"
"05481000",3.34602834498227,3.82564567152751,0.805942764530268,0.442135175712033,0.420316489062781,0.547246421949946,"multi-watershed bfs"
"05482000",1.93347543681986,4.99412305677395,0.777836301674568,-2.15514475823668,0.335891530911454,0.254233327855923,"multi-watershed bfs"
"05482300",2.60205513353748,3.00584795319467,0.747153384338869,-0.436419129036388,0.329882141463433,0.25644935841057,"multi-watershed bfs"
"05482500",2.89883230970086,4.85381801591953,0.793937140312129,-0.920608861964935,0.388677809829355,0.373956818398207,"multi-watershed bfs"
"05484000",1.39727794800684,1.68727279829007,0.708138956409794,0.470162042811781,0.324240998018737,0.486805956263145,"multi-watershed bfs"
"05484500",1.94473031152738,2.95283418061041,0.822256893422971,0.0362351297713367,0.392919452582557,0.3780840598003,"multi-watershed bfs"
"05515500",0.299822058158914,0.269182158810192,0.320879069962429,0.0119830205877348,0.214765560937061,0.21633580496456,"multi-watershed bfs"
"05517500",0.580584090262698,0.557195393693072,0.48976105910397,0.513841074151629,0.313678001002677,0.379389269094447,"multi-watershed bfs"
"05518000",0.512843112531636,0.501427163377119,0.509602243198765,0.435884424840589,0.353497330738095,0.384983410319816,"multi-watershed bfs"
"05524500",1.33201209806842,1.37811282405535,0.683042115028555,0.685307924298348,0.32132327129164,0.385244989929555,"multi-watershed bfs"
"05537980",1.03835725872056,1.75608802129899,0.28446975016693,-0.914218976479628,0.162754658337431,0.16396693212778,"multi-watershed bfs"
"05595000",0.670669516608393,0.627664987827567,0.372722552126687,-0.096142653985567,0.236066963796667,0.278327568959434,"multi-watershed bfs"
"06481000",0.708223759833979,0.765594793229848,0.526365925677655,0.246817556686111,0.304413812795879,0.349534161285654,"multi-watershed bfs"
"06808500",0.786426181430731,1.78001488143615,0.710596076863476,0.1397899783699,0.350951261328577,0.4513328935382,"multi-watershed bfs"
"06817000",1.26591817968688,1.32643621447929,0.780968788452602,-0.0233163963291523,0.387986996973079,0.301959306885539,"multi-watershed bfs"
"01408500",0.0655945224607435,0.0727619128333954,0.874862923935603,0.883230924423557,0.468640073479419,0.500835274531025,"multi-watershed attr"
"01463500",0.0827332162100498,0.124105606493502,0.759497798979908,0.529117800944429,0.351564113277316,0.371198430275498,"multi-watershed attr"
"01646500",0.148993036061398,0.212164612070785,0.8442063023212,0.7139636765321,0.414322493968017,0.364087485596675,"multi-watershed attr"
"03339000",1.06797194909466,1.39974564898456,0.817386863389094,0.735715923024352,0.467007634904539,0.370310142784163,"multi-watershed attr"
"03346500",0.877359003221459,1.00862136436617,0.841048520983298,0.554197905472352,0.486784217631232,0.412222506497836,"multi-watershed attr"
"04072150",0.391895821001491,0.781349824249918,0.935770456388658,0.506676991285352,0.575789533967482,0.418217548643327,"multi-watershed attr"
"04081000",0.169560590964924,0.184196638862406,0.912102075295143,0.850641542464852,0.513758748882294,0.494430751847555,"multi-watershed attr"
"05412500",0.874619980441523,2.87667830864535,0.902171158618127,-2.16499014394942,0.501308146040836,0.259890172491483,"multi-watershed attr"
"05418400",0.633263627302887,1.5114788486062,0.93009007654036,0.572964751833207,0.541758753199155,0.490274065664455,"multi-watershed attr"
"05446500",0.474665414774821,1.35950118608272,0.849509070341216,-4.99161375969148,0.465519804240243,0.270121920864283,"multi-watershed attr"
"05447500",0.677886110409234,1.73969730605357,0.898383508364277,-1.07589856106434,0.56689726923202,0.484445414943262,"multi-watershed attr"
"05455100",0.971521013809107,2.05643032407991,0.938148095023941,0.288640206431817,0.647859388301932,0.436233520092717,"multi-watershed attr"
"05457000",0.93698725984028,1.31695314361071,0.823968638736358,0.499160918014807,0.424849521291604,0.411882730838042,"multi-watershed attr"
"05465500",0.913728408401822,2.28566106453311,0.900121545826209,-0.144705891327099,0.595061243879582,0.423436906697326,"multi-watershed attr"
"05481000",1.8327087581117,5.31080995492395,0.941781968063092,-0.0750806560629862,0.56048895785908,0.548901335922605,"multi-watershed attr"
"05482000",1.1191477084643,3.19732170079109,0.925566139348692,-0.29322328928998,0.529636976634845,0.367044858354377,"multi-watershed attr"
"05482300",1.43583076420733,4.44475016866974,0.923010651201991,-2.14081153038164,0.517287844979274,0.239375636934981,"multi-watershed attr"
"05482500",1.61883291672838,5.54185994129107,0.935737504614941,-1.50370444295915,0.587986312058061,0.417711090834539,"multi-watershed attr"
"05484000",0.721623894750587,1.29356886659961,0.922154706516997,0.688576332672104,0.507730034757486,0.490660890464949,"multi-watershed attr"
"05484500",1.18440591374215,3.1719602376074,0.934071202294669,-0.112111692697424,0.553475660139512,0.442148706283585,"multi-watershed attr"
"05515500",0.181312808713417,0.193527091144391,0.751642675794617,0.489312333798902,0.445803314368384,0.301071484451962,"multi-watershed attr"
"05517500",0.369720931294919,0.407634558168174,0.793085251217317,0.739801222015251,0.501358236462782,0.418016998700343,"multi-watershed attr"
"05518000",0.324971497184498,0.390428131085147,0.803088994104261,0.657993383530842,0.495632227846977,0.422972447283914,"multi-watershed attr"
"05524500",0.912946329306685,0.803589377127122,0.851106524749364,0.89299978048826,0.453209806915658,0.490386910601526,"multi-watershed attr"
"05537980",0.473574369305207,0.778352361040792,0.851163044973969,0.62394485439429,0.400964341716996,0.292389411070093,"multi-watershed attr"
"05595000",0.486259057222952,0.54354490270659,0.670255221543545,0.177980498708305,0.342254727462923,0.301316778419676,"multi-watershed attr"
"06481000",0.487206581040582,0.546786382852202,0.775855435758539,0.615817475569941,0.403859331690695,0.443129861791026,"multi-watershed attr"
"06808500",0.595857518934573,1.58996476596204,0.833860343850481,0.313671118905077,0.4134746281868,0.473946840840436,"multi-watershed attr"
"06817000",1.11715543474184,1.51880477366949,0.829422419133061,-0.341655888908226,0.421093166090521,0.323439444632523,"multi-watershed attr"
"01408500",0.0579052227453333,0.0712029773429359,0.902481642694044,0.888180911183819,0.517794588673696,0.493845690874476,"multi-watershed bfs attr"
"01463500",0.098106671143108,0.174263168668234,0.661813473940181,0.0715881625289368,0.289696077593896,0.335725702819875,"multi-watershed bfs attr"
"01646500",0.15107733754722,0.244731280135999,0.839816953941265,0.619412690219624,0.407501945785075,0.362321876455141,"multi-watershed bfs attr"
"03339000",0.778930922321228,1.44856399592806,0.902857299138267,0.716959806996596,0.513796689748114,0.389479842941589,"multi-watershed bfs attr"
"03346500",0.826101313614641,1.3960121476757,0.859078732525575,0.145987528914579,0.499935508743829,0.325131067214523,"multi-watershed bfs attr"
"04072150",0.38572573083468,0.75195379876441,0.937777028245144,0.543098468060552,0.564084208471424,0.396482497299563,"multi-watershed bfs attr"
"04081000",0.144458881508985,0.166215422958653,0.936200494030844,0.87837886616111,0.552051067156437,0.476065932599654,"multi-watershed bfs attr"
"05412500",0.831563074627104,2.74449630007057,0.911566143583278,-1.88081307025736,0.53980173529781,0.227996655112371,"multi-watershed bfs attr"
"05418400",0.563620220098914,1.24481216584037,0.94462127753769,0.710354216435077,0.555223928410311,0.410438216340141,"multi-watershed bfs attr"
"05446500",0.687113588286598,1.2689115449635,0.684650470133129,-4.21972144807363,0.29437335596358,0.18571916403871,"multi-watershed bfs attr"
"05447500",0.542960516778012,1.57309654504126,0.934809059651657,-0.69734256679384,0.572973436704046,0.381119247724412,"multi-watershed bfs attr"
"05455100",0.788072777393606,1.98669016191598,0.959301231457643,0.336071047626984,0.647679828351832,0.327893685576433,"multi-watershed bfs attr"
"05457000",0.889080548899358,1.53433547270103,0.84150889071831,0.32017333071917,0.437900066294443,0.396940869415249,"multi-watershed bfs attr"
"05465500",0.856811410393322,2.00098621371666,0.912177043754149,0.122679163344116,0.622717281178182,0.402103671595173,"multi-watershed bfs attr"
"05481000",1.73320737833495,3.86059896852185,0.947931909703594,0.43189468795083,0.57930216232664,0.570506974248789,"multi-watershed bfs attr"
"05482000",0.942727898382396,3.02494770351634,0.94718363883843,-0.157541531367861,0.572433987890189,0.357966954306272,"multi-watershed bfs attr"
"05482300",1.31403701340207,3.62959682106651,0.935517881072833,-1.09442087363355,0.554799815463817,0.25785812711911,"multi-watershed bfs attr"
"05482500",1.32071196703474,4.9208708208009,0.957226992281403,-0.974039712825717,0.616701894602208,0.383018519483645,"multi-watershed bfs attr"
"05484000",0.699165427449719,0.745027029200006,0.926924725841717,0.896696130293349,0.531673832229901,0.566029524048079,"multi-watershed bfs attr"
"05484500",1.0956835957519,2.21281111087009,0.943578537252017,0.458770288272897,0.576216940065866,0.449908899419785,"multi-watershed bfs attr"
"05515500",0.175789610346027,0.235003756508326,0.766543273569044,0.246954092168349,0.471281909652525,0.274417149676786,"multi-watershed bfs attr"
"05517500",0.361342599939688,0.403818833799038,0.802356871022632,0.744649691612312,0.529087986193118,0.39456867651069,"multi-watershed bfs attr"
"05518000",0.354407140024499,0.393825163554851,0.765801366732092,0.652015973579786,0.516285587192934,0.406678364463069,"multi-watershed bfs attr"
"05524500",0.752324396599506,0.929056578616337,0.898889675938521,0.856978743847254,0.504192809516872,0.4616749076855,"multi-watershed bfs attr"
"05537980",0.540466250005511,0.800254797592488,0.806147420381013,0.602483112677493,0.38159196995598,0.286408669988925,"multi-watershed bfs attr"
"05595000",0.429399567280211,0.488481129743539,0.742862326649988,0.336093595983353,0.346683680492332,0.289551580721923,"multi-watershed bfs attr"
"06481000",0.506847227114148,0.517037422325479,0.757419373589124,0.65648459531381,0.437352063856966,0.358586013365606,"multi-watershed bfs attr"
"06808500",0.515847938199372,1.21214819651427,0.875482075075174,0.601095723304989,0.478185734996765,0.465760506897188,"multi-watershed bfs attr"
"06817000",0.796104619754037,1.14198994943769,0.913376634389113,0.241489260190493,0.521940973319642,0.325927945543402,"multi-watershed bfs attr"
